Title,Location,Price,Area,Number of Rooms,Interior
                        Apartment Rijnsburgstraat                            ,            1059 AV Amsterdam (Hoofddorppleinbuurt)        ,"                €2,250 per month            ",80 m²,3 rooms,Furnished
                        Apartment Czaar Peterstraat                            ,            1018 PW Amsterdam (Oostelijke Eilanden/Kadijken)        ,"                €1,375 per month            ",34 m²,2 rooms,Upholstered or furnished
                        Apartment Buiten Vissersstraat                            ,            1013 GB Amsterdam (Haarlemmerbuurt)        ,"                €2,250 per month            ",49 m²,2 rooms,Upholstered or furnished
                        Apartment Waldenlaan 322                            ,            1093 NH Amsterdam (Dapperbuurt)        ,"                €1,850 per month            ",71 m²,1 room,Furnished
                        Apartment Lutmastraat 223 hs                            ,            1074 TX Amsterdam (Zuid Pijp)        ,"                €2,250 per month            ",71 m²,2 rooms,Furnished
                        Apartment Orteliuskade 26 2                            ,            1057 AD Amsterdam (Hoofdweg e.o.)        ,"                €1,950 per month            ",55 m²,3 rooms,Furnished
                        Apartment Hoofdweg                            ,            1058 BC Amsterdam (Westindische Buurt)        ,"                €3,500 per month            ",155 m²,6 rooms,Upholstered
                        Apartment Oudezijds Achterburgwal                            ,            1012 DG Amsterdam (Burgwallen-Oude Zijde)        ,"                €2,150 per month            ",99 m²,3 rooms,Upholstered
                        Studio Haparandaweg                            ,            1013 BD Amsterdam (Houthavens)        ,"                €1,900 per month            ",43 m²,2 rooms,Furnished
                        Apartment Uiterwaardenstraat                            ,            1079 CK Amsterdam (Rijnbuurt)        ,"                €2,400 per month            ",95 m²,4 rooms,Furnished
                        Apartment Hasebroekstraat                            ,            1053 CM Amsterdam (Kinkerbuurt)        ,"                €1,715 per month            ",70 m²,2 rooms,Furnished
                        Apartment Singel                            ,            1012 WP Amsterdam (Burgwallen-Nieuwe Zijde)        ,"                €2,150 per month            ",55 m²,2 rooms,Furnished
                        Apartment Ganzenweg                            ,            1021 CP Amsterdam (IJplein/Vogelbuurt)        ,"                €1,749 per month            ",75 m²,3 rooms,Furnished
                        Apartment Quellijnstraat 80 3                            ,            1072 XW Amsterdam (Oude Pijp)        ,"                €2,750 per month            ",85 m²,3 rooms,Upholstered or furnished
                        Apartment Balboastraat                            ,            1057 VT Amsterdam (Hoofdweg e.o.)        ,"                €2,250 per month            ",57 m²,3 rooms,Furnished
                        House Gerard Ruttenhof 15                            ,            1087 EL Amsterdam (IJburg West)        ,"                €2,950 per month            ",158 m²,4 rooms,Upholstered
                        Apartment Bolestein                            ,            1081 EC Amsterdam (Buitenveldert-West)        ,"                €2,250 per month            ",88 m²,3 rooms,Furnished
                        Apartment Leksmondhof 9                            ,            1108 EM Amsterdam (Nellestein)        ,"                €1,650 per month            ",76 m²,3 rooms,Upholstered
                        Apartment Frans van Mierisstraat                            ,            1071 RR Amsterdam (Museumkwartier)        ,"                €2,900 per month            ",100 m²,3 rooms,Furnished
                        Apartment Keizersgracht 489 C2                            ,            1017 DM Amsterdam (Grachtengordel-Zuid)        ,"                €2,500 per month            ",84 m²,2 rooms,Furnished
                        Apartment Van Nijenrodeweg 7                            ,            1083 EA Amsterdam (Buitenveldert-Oost)        ,"                €2,200 per month            ",88 m²,3 rooms,Upholstered or furnished
                        Apartment Vrolikstraat                            ,            1092 TV Amsterdam (Oosterparkbuurt)        ,"                €2,250 per month            ",75 m²,3 rooms,Furnished
                        Apartment Westerdoksdijk 327                            ,            1013 AD Amsterdam (Haarlemmerbuurt)        ,"                €2,650 per month            ",85 m²,3 rooms,Furnished
                        House Nieuwe Keizersgracht 14 G                            ,            1018 DR Amsterdam (Weesperbuurt/Plantage)        ,"                €2,450 per month            ",50 m²,2 rooms,Upholstered or furnished
                        Apartment Govert Flinckstraat 119 1                            ,            1072 EG Amsterdam (Oude Pijp)        ,"                €2,270 per month            ",54 m²,2 rooms,Furnished
                        Apartment Marcusstraat                            ,            1091 TJ Amsterdam (Weesperzijde)        ,"                €2,000 per month            ",49 m²,2 rooms,Furnished
                        Apartment Jozef Israëlskade                            ,            1073 RC Amsterdam (Zuid Pijp)        ,"                €1,850 per month            ",47 m²,2 rooms,Furnished
                        Apartment Weesperzijde                            ,            1091 EB Amsterdam (Weesperzijde)        ,"                €2,500 per month            ",75 m²,3 rooms,Furnished
                        Apartment Palmgracht 103                            ,            1015 HL Amsterdam (Jordaan)        ,"                €1,800 per month            ",58 m²,3 rooms,Furnished
                        Apartment Bestevâerstraat 106 H                            ,            1056 HS Amsterdam (Landlust)        ,"                €2,450 per month            ",98 m²,4 rooms,Furnished
                        Apartment Oudezijds Voorburgwal 183 II (A                            ,            1012 EW Amsterdam (Burgwallen-Oude Zijde)        ,"                €1,750 per month            ",50 m²,2 rooms,Furnished
                        Apartment Van Baerlestraat 44                            ,            1071 AZ Amsterdam (Museumkwartier)        ,"                €2,650 per month            ",70 m²,3 rooms,Upholstered
                        Apartment Chestertonlaan                            ,"            1102 XT Amsterdam (Bijlmer Centrum (D,F,H))        ","                €1,400 per month            ",65 m²,2 rooms,Upholstered
                        Apartment Jan Tooropstraat 623                            ,            1061 AE Amsterdam (Overtoomse Veld)        ,"                €2,250 per month            ",88 m²,3 rooms,Upholstered
                        Apartment Willem van Weldammelaan 86                            ,            1082 KW Amsterdam (Buitenveldert-West)        ,"                €2,750 per month            ",125 m²,4 rooms,Upholstered
                        Apartment Marcusstraat 117                            ,            1091 TJ Amsterdam (Weesperzijde)        ,"                €2,900 per month            ",117 m²,4 rooms,Furnished
                        Apartment Bella Vistastraat 146                            ,            1096 GM Amsterdam (Omval/Overamstel)        ,"                €2,500 per month            ",90 m²,2 rooms,Furnished
                        Apartment Louise de Colignystraat                            ,            1055 XL Amsterdam (Landlust)        ,"                €2,000 per month            ",59 m²,2 rooms,Upholstered
                        Apartment Montfoorthof 53                            ,            1106 JN Amsterdam (Holendrecht/Reigersbos)        ,"                €1,650 per month            ",72 m²,3 rooms,Furnished
                        Apartment Leerdamhof 407                            ,            1108 CJ Amsterdam (Nellestein)        ,"                €1,975 per month            ",100 m²,4 rooms,Upholstered or furnished
                        Apartment Overtoom                            ,            1054 JR Amsterdam (Overtoomse Sluis)        ,"                €2,850 per month            ",85 m²,3 rooms,Upholstered
                        Apartment Kalkmarkt                            ,            1011 BC Amsterdam (Nieuwmarkt/Lastage)        ,"                €1,795 per month            ",45 m²,2 rooms,Furnished
                        Apartment Beysterveld                            ,            1083 KA Amsterdam (Buitenveldert-Oost)        ,"                €2,750 per month            ",110 m²,3 rooms,Furnished
                        Apartment Van Hallstraat                            ,            1051 GX Amsterdam (Staatsliedenbuurt)        ,"                €2,150 per month            ",50 m²,2 rooms,Furnished
                        Apartment Albert Cuypstraat                            ,            1072 CN Amsterdam (Oude Pijp)        ,"                €2,600 per month            ",100 m²,3 rooms,Upholstered
                        Apartment Keizersgracht                            ,            1017 ES Amsterdam (Grachtengordel-Zuid)        ,"                €2,750 per month            ",78 m²,2 rooms,Furnished
                        Apartment Lijnbaansgracht                            ,            1017 XA Amsterdam (De Weteringschans)        ,"                €2,300 per month            ",68 m²,3 rooms,Furnished
                        Apartment Da Costakade                            ,            1053 XE Amsterdam (Van Lennepbuurt)        ,"                €3,650 per month            ",130 m²,4 rooms,Furnished
                        Apartment Keizersgracht                            ,            1017 ES Amsterdam (Grachtengordel-Zuid)        ,"                €2,750 per month            ",80 m²,2 rooms,Furnished
                        Apartment Pieter de Hoochstraat                            ,            1071 ED Amsterdam (Museumkwartier)        ,"                €3,700 per month            ",130 m²,3 rooms,Furnished
                        Apartment Laurierstraat 77 C                            ,            1016 PJ Amsterdam (Jordaan)        ,"                €1,295 per month            ",30 m²,2 rooms,Upholstered
                        Apartment Vossiusstraat 10 2                            ,            1071 AB Amsterdam (Museumkwartier)        ,"                €2,100 per month            ",75 m²,1 room,Furnished
                        House Eef Kamerbeekpad 1                            ,            1095 MZ Amsterdam (Zeeburgereiland/Nieuwe Diep)        ,"                €3,500 per month            ",160 m²,5 rooms,Upholstered or furnished
                        Apartment Hogewerf                            ,            1082 NG Amsterdam (Buitenveldert-Oost)        ,"                €2,250 per month            ",85 m²,2 rooms,Furnished
                        Apartment Vätternkade                            ,            1060 PK Amsterdam (Middelveldsche Akerpolder)        ,"                €2,450 per month            ",120 m²,4 rooms,Upholstered or furnished
                        Apartment Burgemeester Hogguerstraat                            ,            1064 CK Amsterdam (Slotermeer-Zuidwest)        ,"                €1,750 per month            ",78 m²,3 rooms,Furnished
                        Apartment Overamstelstraat                            ,            1091 TM Amsterdam (Weesperzijde)        ,"                €2,095 per month            ",80 m²,3 rooms,Furnished
                        Apartment Tweede Kostverlorenkade 137 3                            ,            1053 SE Amsterdam (Van Lennepbuurt)        ,"                €1,995 per month            ",62 m²,3 rooms,Upholstered
                        Apartment Krammerstraat 33 A                            ,            1078 KG Amsterdam (Scheldebuurt)        ,"                €2,700 per month            ",150 m²,4 rooms,Upholstered
                        Apartment Burgemeester Hogguerstraat 737                            ,            1064 EA Amsterdam (Slotermeer-Zuidwest)        ,"                €2,250 per month            ",100 m²,5 rooms,Furnished
                        Apartment Lijnbaansgracht 265 1                            ,            1017 RL Amsterdam (De Weteringschans)        ,"                €1,675 per month            ",45 m²,3 rooms,Upholstered
                        Apartment Van Nijenrodeweg 366                            ,            1082 HE Amsterdam (Buitenveldert-West)        ,"                €2,100 per month            ",87 m²,3 rooms,Upholstered or furnished
                        House Akerpolderstraat                            ,            1066 ET Amsterdam (Sloter-/Riekerpolder)        ,"                €3,500 per month            ",169 m²,6 rooms,Upholstered
                        Apartment Nida Senffstraat                            ,            1095 MX Amsterdam (Zeeburgereiland/Nieuwe Diep)        ,"                €1,595 per month            ",63 m²,2 rooms,Furnished
                        Apartment Prinsengracht 533 I                            ,            1016 HS Amsterdam (Grachtengordel-West)        ,"                €1,900 per month            ",40 m²,2 rooms,Upholstered or furnished
                        Apartment Da Costakade 28 IV                            ,            1052 SJ Amsterdam (Da Costabuurt)        ,"                €2,250 per month            ",84 m²,3 rooms,Upholstered
                        House Pijlkruidstraat 1                            ,            1087 CE Amsterdam (IJburg West)        ,"                €2,750 per month            ",135 m²,5 rooms,Upholstered
                        Apartment Rie Mastenbroekstraat 47                            ,            1095 MJ Amsterdam (Zeeburgereiland/Nieuwe Diep)        ,"                €1,750 per month            ",70 m²,3 rooms,Upholstered or furnished
                        Apartment Derde Schinkelstraat 4 A                            ,            1075 TL Amsterdam (Schinkelbuurt)        ,"                €2,650 per month            ",70 m²,4 rooms,Upholstered
                        Apartment Wijttenbachstraat                            ,            1093 JD Amsterdam (Dapperbuurt)        ,"                €2,500 per month            ",100 m²,4 rooms,Upholstered
                        Apartment Tweede Jan van der Heijdenstraat 3 H                            ,            1073 VE Amsterdam (Oude Pijp)        ,"                €6,000 per month            ",149 m²,5 rooms,Furnished
                        Apartment Ophemerthof                            ,            1106 XD Amsterdam (Holendrecht/Reigersbos)        ,"                €1,850 per month            ",115 m²,5 rooms,Furnished
                        Apartment Orteliusstraat 58 H                            ,            1057 BD Amsterdam (Hoofdweg e.o.)        ,"                €1,950 per month            ",69 m²,2 rooms,Upholstered
                        Apartment Uiterwaardenstraat                            ,            1079 DE Amsterdam (Scheldebuurt)        ,"                €2,100 per month            ",72 m²,3 rooms,Upholstered
                        Apartment Nieuwezijds Voorburgwal                            ,            1012 SB Amsterdam (Burgwallen-Nieuwe Zijde)        ,"                €1,850 per month            ",50 m²,2 rooms,Upholstered
                        Apartment Rie Mastenbroekstraat                            ,            1095 MJ Amsterdam (Zeeburgereiland/Nieuwe Diep)        ,"                €1,750 per month            ",55 m²,2 rooms,Furnished
                        Apartment Gustav Mahlerlaan 931 9                            ,            1082 MK Amsterdam (Zuidas)        ,"                €3,400 per month            ",110 m²,3 rooms,Furnished
                        Apartment Keizersgracht                            ,            1017 DL Amsterdam (Grachtengordel-Zuid)        ,"                €3,450 per month            ",120 m²,3 rooms,Furnished
                        Apartment Galileïplantsoen                            ,            1098 NC Amsterdam (Middenmeer)        ,"                €3,500 per month            ",140 m²,4 rooms,Upholstered
                        Apartment H. Diesveldsingel                            ,            1060 RL Amsterdam (Middelveldsche Akerpolder)        ,"                €1,750 per month            ",100 m²,3 rooms,Furnished
                        Apartment Borneostraat                            ,            1094 CJ Amsterdam (Indische Buurt West)        ,"                €2,200 per month            ",107 m²,3 rooms,Furnished
                        Apartment Jan van Galenstraat 183 1                            ,            1056 BS Amsterdam (Van Galenbuurt)        ,"                €1,750 per month            ",50 m²,2 rooms,Upholstered
                        Apartment Céramiquelaan                            ,            1031 KG Amsterdam (Noordelijke IJ-oevers West)        ,"                €4,000 per month            ",110 m²,4 rooms,Furnished
                        Apartment Nieuwezijds Voorburgwal 255                            ,            1012 RL Amsterdam (Burgwallen-Nieuwe Zijde)        ,"                €2,650 per month            ",111 m²,3 rooms,Upholstered
                        Apartment Overtoom                            ,            1054 HZ Amsterdam (Helmersbuurt)        ,"                €2,250 per month            ",76 m²,2 rooms,Upholstered
                        Apartment Haparandaweg                            ,            1013 BD Amsterdam (Houthavens)        ,"                €1,750 per month            ",50 m²,2 rooms,Furnished
                        Apartment Keizersgracht                            ,            1016 GB Amsterdam (Grachtengordel-West)        ,"                €1,195 per month            ",35 m²,2 rooms,Furnished
                        Apartment Maria Austriastraat                            ,            1087 CN Amsterdam (IJburg West)        ,"                €2,350 per month            ",130 m²,4 rooms,Furnished
                        Apartment Van Boshuizenstraat 295                            ,            1083 AX Amsterdam (Buitenveldert-Oost)        ,"                €2,000 per month            ",74 m²,3 rooms,Furnished
                        Apartment Pieter Cornelisz. Hooftstraat                            ,            1071 CD Amsterdam (Museumkwartier)        ,"                €1,850 per month            ",60 m²,2 rooms,Furnished
                        Apartment Oostelijke Handelskade                            ,            1019 DN Amsterdam (Oostelijk Havengebied)        ,"                €2,850 per month            ",100 m²,3 rooms,Furnished
                        Apartment Jacob van Lennepkade                            ,            1054 ZG Amsterdam (Helmersbuurt)        ,"                €1,950 per month            ",56 m²,2 rooms,Furnished
                        Apartment Van Tuyll van Serooskerkenweg 110 3                            ,            1076 JR Amsterdam (Stadionbuurt)        ,"                €4,250 per month            ",125 m²,5 rooms,Furnished
                        Apartment Jasonstraat 51 2                            ,            1076 KZ Amsterdam (Stadionbuurt)        ,"                €2,800 per month            ",120 m²,4 rooms,Upholstered
                        Apartment Cornelis Schuytstraat 25 2+3                            ,            1071 JD Amsterdam (Museumkwartier)        ,"                €3,950 per month            ",150 m²,4 rooms,Upholstered
                        Apartment Saxen-Weimarlaan                            ,            1075 BZ Amsterdam (Willemspark)        ,"                €2,850 per month            ",90 m²,3 rooms,Upholstered
                        Apartment Nieuwe Leliestraat                            ,            1015 SP Amsterdam (Jordaan)        ,"                €2,750 per month            ",73 m²,3 rooms,Furnished
                        Apartment Vincent van Goghstraat                            ,            1072 KX Amsterdam (Nieuwe Pijp)        ,"                €1,900 per month            ",80 m²,2 rooms,Furnished
                        Apartment Rustenburgerstraat                            ,            1074 EP Amsterdam (Nieuwe Pijp)        ,"                €1,950 per month            ",58 m²,2 rooms,Furnished
                        Apartment Wijenburg 94                            ,            1082 VX Amsterdam (Buitenveldert-West)        ,"                €1,950 per month            ",63 m²,4 rooms,Upholstered
                        Apartment Jan Luijkenstraat 70 C                            ,            1071 CS Amsterdam (Museumkwartier)        ,"                €2,400 per month            ",75 m²,3 rooms,Upholstered
                        Apartment Grootzeil                            ,            1034 LV Amsterdam (Banne Buiksloot)        ,"                €2,250 per month            ",93 m²,4 rooms,Furnished
                        Apartment De Lairessestraat                            ,            1071 PL Amsterdam (Museumkwartier)        ,"                €2,300 per month            ",86 m²,2 rooms,Furnished
                        House Johannes Verhulststraat 151 H                            ,            1075 GW Amsterdam (Willemspark)        ,"                €11,000 per month            ",255 m²,10 rooms,Upholstered
                        Apartment Kwakersstraat 25                            ,            1053 WC Amsterdam (Kinkerbuurt)        ,"                €2,500 per month            ",73 m²,3 rooms,Furnished
                        Apartment Brederodestraat 25 D                            ,            1054 MR Amsterdam (Helmersbuurt)        ,"                €2,200 per month            ",60 m²,3 rooms,Furnished
                        Apartment Stadionkade 70 2                            ,            1077 VS Amsterdam (Apollobuurt)        ,"                €2,850 per month            ",110 m²,3 rooms,Upholstered
                        Apartment Vondelkerkstraat                            ,            1054 KX Amsterdam (Overtoomse Sluis)        ,"                €2,950 per month            ",77 m²,3 rooms,Furnished
                        Apartment S. F. van Ossstraat                            ,            1068 JN Amsterdam (Osdorp-Oost)        ,"                €1,550 per month            ",55 m²,2 rooms,Furnished
                        Apartment Sarphatipark                            ,            1073 CZ Amsterdam (Nieuwe Pijp)        ,"                €3,500 per month            ",88 m²,3 rooms,Upholstered
                        Apartment KNSM-laan                            ,            1019 LG Amsterdam (Oostelijk Havengebied)        ,"                €1,850 per month            ",60 m²,2 rooms,Furnished
                        Apartment Rozengracht 114 I                            ,            1016 NH Amsterdam (Jordaan)        ,"                €2,640 per month            ",88 m²,3 rooms,Furnished
                        Apartment Singel 436 E                            ,            1017 AV Amsterdam (Grachtengordel-Zuid)        ,"                €3,250 per month            ",140 m²,3 rooms,Upholstered or furnished
                        Apartment Rustenburgerstraat                            ,            1072 HD Amsterdam (Nieuwe Pijp)        ,"                €2,650 per month            ",65 m²,3 rooms,Upholstered
                        Apartment Overtoom 493 1                            ,            1054 LG Amsterdam (Overtoomse Sluis)        ,"                €3,000 per month            ",169 m²,5 rooms,Furnished
                        Apartment John Blankensteinstraat 59 1                            ,            1095 MB Amsterdam (Zeeburgereiland/Nieuwe Diep)        ,"                €1,450 per month            ",48 m²,3 rooms,Upholstered or furnished
                        Apartment Overtoom                            ,            1054 JD Amsterdam (Helmersbuurt)        ,"                €2,750 per month            ",87 m²,3 rooms,Upholstered
                        House Schapenburgerpad 20                            ,            1071 ZA Amsterdam (Museumkwartier)        ,"                €4,000 per month            ",198 m²,6 rooms,Upholstered or furnished
                        Apartment Prinsengracht 689 4                            ,            1017 JV Amsterdam (Grachtengordel-Zuid)        ,"                €2,250 per month            ",65 m²,2 rooms,Furnished
                        Apartment Rupelmonde                            ,            1081 GP Amsterdam (Buitenveldert-West)        ,"                €2,250 per month            ",73 m²,3 rooms,Upholstered
                        Apartment Zwanenburgwal 294                            ,            1011 JH Amsterdam (Nieuwmarkt/Lastage)        ,"                €3,500 per month            ",107 m²,3 rooms,Furnished
                        Apartment Leiduinstraat 22 hs                            ,            1058 SK Amsterdam (Hoofddorppleinbuurt)        ,"                €2,100 per month            ",89 m²,3 rooms,Upholstered
                        Apartment Gustav Mahlerlaan 359                            ,            1082 MK Amsterdam (Zuidas)        ,"                €5,850 per month            ",132 m²,3 rooms,Upholstered or furnished
                        Apartment Gustav Mahlerplein 285 PH                            ,            1082 MS Amsterdam (Zuidas)        ,"                €8,000 per month            ",193 m²,4 rooms,Furnished
                        Apartment Nieuwe Hoogstraat                            ,            1011 HD Amsterdam (Nieuwmarkt/Lastage)        ,"                €2,800 per month            ",65 m²,2 rooms,Furnished
                        Apartment Nieuwe Prinsengracht                            ,            1018 XH Amsterdam (Weesperbuurt/Plantage)        ,"                €2,100 per month            ",90 m²,2 rooms,Furnished
                        Apartment Wiborgeiland                            ,            1014 ZC Amsterdam (Houthavens)        ,"                €2,975 per month            ",100 m²,3 rooms,Upholstered
                        Apartment Kleiburg                            ,"            1104 EA Amsterdam (Bijlmer Oost (E,G,K))        ","                €2,995 per month            ",98 m²,6 rooms,Furnished
                        Apartment Prinsengracht                            ,            1017 JV Amsterdam (Grachtengordel-Zuid)        ,"                €3,000 per month            ",110 m²,3 rooms,Upholstered
                        Apartment Rustenburgerstraat 146 A20                            ,            1073 GJ Amsterdam (Nieuwe Pijp)        ,"                €2,300 per month            ",55 m²,3 rooms,Furnished
                        Apartment Nachtwachtlaan                            ,            1058 EM Amsterdam (Overtoomse Veld)        ,"                €2,400 per month            ",103 m²,4 rooms,Furnished
                        Apartment Valeriusplein 26 3                            ,            1075 BH Amsterdam (Willemspark)        ,"                €4,000 per month            ",85 m²,3 rooms,Furnished
                        Apartment Churchill-laan 167 2                            ,            1078 DW Amsterdam (Scheldebuurt)        ,"                €2,150 per month            ",60 m²,3 rooms,Upholstered
                        Apartment Koxhorn 27 2                            ,            1082 EW Amsterdam (Buitenveldert-West)        ,"                €2,000 per month            ",80 m²,3 rooms,Furnished
                        Apartment Soembawastraat 69 A                            ,            1095 VZ Amsterdam (Indische Buurt Oost)        ,"                €1,750 per month            ",48 m²,2 rooms,Furnished
                        Apartment Tweede Jan Steenstraat 25 H                            ,            1073 VL Amsterdam (Oude Pijp)        ,"                €2,850 per month            ",83 m²,3 rooms,Furnished
                        Apartment Cruquiusweg                            ,            1019 AK Amsterdam (Oostelijk Havengebied)        ,"                €2,275 per month            ",85 m²,3 rooms,Furnished
                        Apartment Oeverpad                            ,            1068 PM Amsterdam (Osdorp-Oost)        ,"                €2,700 per month            ",140 m²,3 rooms,Upholstered
                        Apartment Utrechtsedwarsstraat 133 2                            ,            1017 WE Amsterdam (De Weteringschans)        ,"                €2,750 per month            ",98 m²,4 rooms,Furnished
                        Apartment Wouwermanstraat                            ,            1071 LW Amsterdam (Museumkwartier)        ,"                €2,850 per month            ",75 m²,3 rooms,Upholstered
                        Apartment Van Baerlestraat 14 3                            ,            1071 AW Amsterdam (Museumkwartier)        ,"                €3,200 per month            ",162 m²,4 rooms,Upholstered
                        Apartment Hondecoeterstraat                            ,            1071 LR Amsterdam (Museumkwartier)        ,"                €4,250 per month            ",150 m²,3 rooms,Upholstered
                        Apartment Tommaso Albinonistraat 166                            ,            1083 HM Amsterdam (Zuidas)        ,"                €5,000 per month            ",197 m²,5 rooms,Upholstered
                        Apartment Den Texstraat 8 B                            ,            1017 ZA Amsterdam (De Weteringschans)        ,"                €3,950 per month            ",126 m²,3 rooms,Furnished
                        Apartment Beethovenstraat                            ,            1077 JS Amsterdam (Apollobuurt)        ,"                €3,500 per month            ",210 m²,7 rooms,Upholstered
                        Apartment Papaverweg                            ,            1032 KH Amsterdam (Volewijck)        ,"                €1,395 per month            ",40 m²,2 rooms,Upholstered
                        Apartment Leidsekruisstraat 32 1hg                            ,            1017 RJ Amsterdam (De Weteringschans)        ,"                €1,550 per month            ",50 m²,2 rooms,Furnished
                        Studio Bos en Lommerplantsoen 43 A                            ,            1055 AA Amsterdam (De Kolenkit)        ,"                €1,250 per month            ",30 m²,1 room,Shell
                        Apartment Bos en Lommerplein 91                            ,            1055 AD Amsterdam (De Kolenkit)        ,"                €1,950 per month            ",100 m²,4 rooms,Furnished
                        Apartment Lauriergracht 142 B                            ,            1016 RT Amsterdam (Jordaan)        ,"                €2,350 per month            ",53 m²,2 rooms,Furnished
                        Apartment Johannes Verhulststraat                            ,            1071 NE Amsterdam (Museumkwartier)        ,"                €3,200 per month            ",135 m²,5 rooms,Upholstered
                        House Prinseneiland 59                            ,            1013 LM Amsterdam (Haarlemmerbuurt)        ,"                €3,250 per month            ",120 m²,3 rooms,Furnished
                        Apartment Nieuwendijk                            ,            1012 MP Amsterdam (Burgwallen-Nieuwe Zijde)        ,"                €3,000 per month            ",92 m²,3 rooms,Furnished
                        Apartment Recht Boomssloot 14 E                            ,            1011 EA Amsterdam (Nieuwmarkt/Lastage)        ,"                €4,150 per month            ",145 m²,4 rooms,Furnished
                        Apartment Van Heenvlietlaan                            ,            1083 DD Amsterdam (Buitenveldert-Oost)        ,"                €2,950 per month            ",108 m²,3 rooms,Upholstered or furnished
                        Apartment Haarlemmerweg                            ,            1051 LG Amsterdam (Centrale Markt)        ,"                €1,750 per month            ",60 m²,2 rooms,Furnished
                        Apartment Derde Hugo de Grootstraat                            ,            1052 LL Amsterdam (Frederik Hendrikbuurt)        ,"                €2,500 per month            ",55 m²,3 rooms,Furnished
                        Apartment Sanderijnstraat                            ,            1055 BP Amsterdam (Erasmuspark)        ,"                €1,950 per month            ",65 m²,3 rooms,Furnished
                        Apartment Maarten Jansz. Kosterstraat                            ,            1017 VZ Amsterdam (De Weteringschans)        ,"                €3,250 per month            ",115 m²,4 rooms,Furnished
                        Apartment Keizersgracht 391 E                            ,            1016 EJ Amsterdam (Grachtengordel-West)        ,"                €2,700 per month            ",109 m²,4 rooms,Upholstered
                        Apartment Keizersgracht 391 D                            ,            1016 EJ Amsterdam (Grachtengordel-West)        ,"                €2,300 per month            ",87 m²,3 rooms,Upholstered
                        House Le Tourmalet 26                            ,            1060 NX Amsterdam (Middelveldsche Akerpolder)        ,"                €2,000 per month            ",134 m²,4 rooms,Furnished
                        Apartment Prinsengracht                            ,            1016 JB Amsterdam (Jordaan)        ,"                €2,495 per month            ",85 m²,2 rooms,Furnished
                        Apartment Bronckhorststraat 6 3                            ,            1071 WR Amsterdam (Museumkwartier)        ,"                €2,600 per month            ",89 m²,3 rooms,Upholstered or furnished
                        Apartment Herengracht                            ,            1015 BA Amsterdam (Grachtengordel-West)        ,"                €3,500 per month            ",132 m²,5 rooms,Furnished
                        Apartment Brouwersgracht 270 D                            ,            1013 HG Amsterdam (Haarlemmerbuurt)        ,"                €2,700 per month            ",85 m²,3 rooms,Upholstered
                        Apartment Gerrit van der Veenstraat                            ,            1077 DW Amsterdam (Apollobuurt)        ,"                €5,500 per month            ",149 m²,6 rooms,Upholstered
                        Apartment Linnaeusstraat 8 2+3                            ,            1092 CK Amsterdam (Oosterparkbuurt)        ,"                €2,500 per month            ",110 m²,3 rooms,Furnished
                        Apartment Akbarstraat                            ,            1061 EA Amsterdam (De Kolenkit)        ,"                €1,750 per month            ",59 m²,3 rooms,Furnished
                        Apartment Keizersgracht 391 C                            ,            1016 EJ Amsterdam (Grachtengordel-West)        ,"                €2,200 per month            ",71 m²,3 rooms,Upholstered
                        Apartment Beethovenstraat 135 4                            ,            1077 JB Amsterdam (Prinses Irenebuurt e.o.)        ,"                €3,000 per month            ",105 m²,4 rooms,Upholstered
                        Apartment Ruysdaelkade 15 II                            ,            1072 AG Amsterdam (Oude Pijp)        ,"                €3,450 per month            ",101 m²,4 rooms,Upholstered
                        Apartment Van der Hoopstraat                            ,            1051 VE Amsterdam (Staatsliedenbuurt)        ,"                €1,750 per month            ",45 m²,2 rooms,Furnished
                        Apartment Bronckhorststraat 46                            ,            1071 WV Amsterdam (Museumkwartier)        ,"                €3,500 per month            ",104 m²,4 rooms,Upholstered
                        Apartment Bilderdijkkade                            ,            1053 VK Amsterdam (Van Lennepbuurt)        ,"                €3,100 per month            ",115 m²,2 rooms,Furnished
                        Apartment Johan Hofmanstraat                            ,            1069 KD Amsterdam (Osdorp-Midden)        ,"                €2,000 per month            ",95 m²,3 rooms,Upholstered
                        Apartment Oostenburgerpark                            ,            1018 HT Amsterdam (Oostelijke Eilanden/Kadijken)        ,"                €1,800 per month            ",55 m²,2 rooms,Furnished
                        Apartment Bilderdijkkade                            ,            1053 VB Amsterdam (Da Costabuurt)        ,"                €2,350 per month            ",83 m²,3 rooms,Furnished
                        Apartment Speerstraat                            ,            1076 XN Amsterdam (Stadionbuurt)        ,"                €1,700 per month            ",45 m²,2 rooms,Furnished
                        Apartment Herengracht                            ,            1016 BB Amsterdam (Grachtengordel-West)        ,"                €3,950 per month            ",133 m²,7 rooms,Upholstered
                        Apartment Wilhelminastraat                            ,            1054 VW Amsterdam (Helmersbuurt)        ,"                €1,750 per month            ",60 m²,2 rooms,Upholstered
                        Apartment John Blankensteinstraat                            ,            1095 MB Amsterdam (Zeeburgereiland/Nieuwe Diep)        ,"                €2,750 per month            ",145 m²,5 rooms,Upholstered
                        Apartment John Blankensteinstraat                            ,            1095 MB Amsterdam (Zeeburgereiland/Nieuwe Diep)        ,"                €1,450 per month            ",45 m²,2 rooms,Furnished
                        Apartment Boris Pasternakstraat                            ,"            1102 TC Amsterdam (Bijlmer Centrum (D,F,H))        ","                €1,650 per month            ",67 m²,3 rooms,Upholstered
                        Apartment Bronckhorststraat 6 1                            ,            1071 WR Amsterdam (Museumkwartier)        ,"                €3,000 per month            ",92 m²,3 rooms,Furnished
                        Apartment Swammerdamstraat                            ,            1091 RP Amsterdam (Weesperzijde)        ,"                €2,000 per month            ",54 m²,2 rooms,Furnished
                        Apartment Orteliusstraat 274 3                            ,            1056 PM Amsterdam (Van Galenbuurt)        ,"                €2,000 per month            ",70 m²,3 rooms,Furnished
                        Apartment Saenredamstraat                            ,            1072 CJ Amsterdam (Oude Pijp)        ,"                €1,645 per month            ",45 m²,2 rooms,Upholstered
                        Apartment Van Baerlestraat 76 2                            ,            1071 BB Amsterdam (Museumkwartier)        ,"                €3,250 per month            ",85 m²,3 rooms,Upholstered or furnished
                        Apartment Simon van Gijnpad                            ,            1064 WR Amsterdam (Slotervaart Noord)        ,"                €1,700 per month            ",78 m²,3 rooms,Furnished
                        Apartment Westerlengte 149                            ,            1034 TB Amsterdam (Banne Buiksloot)        ,"                €1,650 per month            ",76 m²,4 rooms,Furnished
                        House Singel                            ,            1012 VC Amsterdam (Burgwallen-Nieuwe Zijde)        ,"                €6,250 per month            ",200 m²,7 rooms,Upholstered
                        Apartment Keizersgracht                            ,            1017 EC Amsterdam (Grachtengordel-Zuid)        ,"                €3,000 per month            ",84 m²,2 rooms,Upholstered or furnished
                        Apartment Bloemstraat 13 B                            ,            1016 KV Amsterdam (Jordaan)        ,"                €2,850 per month            ",78 m²,3 rooms,Furnished
                        House Lindenstraat 3                            ,            1015 KV Amsterdam (Jordaan)        ,"                €4,500 per month            ",144 m²,9 rooms,Upholstered or furnished
                        Apartment Albert Molhof                            ,            1031 JK Amsterdam (Noordelijke IJ-oevers West)        ,"                €1,700 per month            ",35 m²,2 rooms,Furnished
                        Apartment Runstraat 12 2                            ,            1016 GK Amsterdam (Grachtengordel-West)        ,"                €2,650 per month            ",88 m²,4 rooms,Upholstered or furnished
                        Apartment Korte Koningsstraat 14 hs                            ,            1011 GA Amsterdam (Nieuwmarkt/Lastage)        ,"                €2,050 per month            ",120 m²,2 rooms,Furnished
                        Apartment Papaverweg                            ,            1032 KH Amsterdam (Volewijck)        ,"                €1,395 per month            ",40 m²,2 rooms,Upholstered
                        Apartment Nieuwe Leliestraat 55 A                            ,            1015 SJ Amsterdam (Jordaan)        ,"                €1,950 per month            ",70 m²,2 rooms,Furnished
                        Apartment Pieter Oosterhuisstraat                            ,            1087 HT Amsterdam (IJburg Zuid)        ,"                €2,350 per month            ",112 m²,3 rooms,Upholstered
                        Apartment Legmeerstraat                            ,            1058 NA Amsterdam (Hoofddorppleinbuurt)        ,"                €2,100 per month            ",59 m²,2 rooms,Furnished
                        Apartment Schimmelstraat 7 C                            ,            1053 TA Amsterdam (Kinkerbuurt)        ,"                €1,925 per month            ",55 m²,2 rooms,Furnished
                        Apartment Anton Verheijstraat                            ,            1077 KT Amsterdam (Prinses Irenebuurt e.o.)        ,"                €3,100 per month            ",108 m²,3 rooms,Upholstered or furnished
                        House Nicolaas Ruychaverstraat 13                            ,            1067 NH Amsterdam (Geuzenveld)        ,"                €1,900 per month            ",97 m²,5 rooms,Upholstered
                        Apartment Gijsbrecht van Aemstelstraat 23 2                            ,            1091 TB Amsterdam (Weesperzijde)        ,"                €1,950 per month            ",65 m²,2 rooms,Furnished
                        Apartment Deurloostraat 47 H                            ,            1078 HT Amsterdam (Scheldebuurt)        ,"                €5,400 per month            ",168 m²,5 rooms,Furnished
                        Apartment Rietlandpark                            ,            1019 DV Amsterdam (Oostelijk Havengebied)        ,"                €2,000 per month            ",90 m²,3 rooms,Upholstered
                        Apartment Dijkmanshuizenstraat                            ,            1024 XR Amsterdam (Waterlandpleinbuurt)        ,"                €1,850 per month            ",72 m²,3 rooms,Furnished
                        Apartment Burgemeester Fockstraat                            ,            1063 CZ Amsterdam (Slotermeer-Noordoost)        ,"                €2,400 per month            ",74 m²,4 rooms,Upholstered
                        Apartment Postjeskade 10 3                            ,            1057 DS Amsterdam (Hoofdweg e.o.)        ,"                €2,750 per month            ",106 m²,4 rooms,Furnished
                        Apartment Van Eeghenstraat 161 3                            ,            1071 GB Amsterdam (Museumkwartier)        ,"                €2,350 per month            ",68 m²,2 rooms,Furnished
                        Apartment Sanderijnstraat                            ,            1055 BM Amsterdam (Erasmuspark)        ,"                €1,850 per month            ",60 m²,2 rooms,Upholstered
                        Apartment De Lairessestraat                            ,            1071 PL Amsterdam (Museumkwartier)        ,"                €2,600 per month            ",80 m²,2 rooms,Furnished
                        Apartment Olympiaplein                            ,            1077 CR Amsterdam (Apollobuurt)        ,"                €2,700 per month            ",100 m²,3 rooms,Upholstered
                        Apartment Baarsjesweg                            ,            1058 AD Amsterdam (Westindische Buurt)        ,"                €2,900 per month            ",50 m²,2 rooms,Furnished
                        Apartment Kanaalstraat 14 2                            ,            1054 XH Amsterdam (Helmersbuurt)        ,"                €1,850 per month            ",50 m²,2 rooms,Furnished
                        Apartment Rooseveltlaan                            ,            1079 AB Amsterdam (Scheldebuurt)        ,"                €3,000 per month            ",143 m²,5 rooms,Upholstered
                        Apartment Tintorettostraat 17 hs                            ,            1077 RN Amsterdam (Apollobuurt)        ,"                €4,250 per month            ",145 m²,5 rooms,Upholstered
                        Apartment Julius Pergerstraat                            ,            1087 KN Amsterdam (IJburg Zuid)        ,"                €1,600 per month            ",84 m²,3 rooms,Furnished
                        Studio Ridderspoorweg                            ,            1032 LL Amsterdam (Noordelijke IJ-oevers West)        ,"                €1,550 per month            ",40 m²,1 room,Furnished
                        Apartment Kleiburg 808                            ,"            1104 EA Amsterdam (Bijlmer Oost (E,G,K))        ","                €1,550 per month            ",70 m²,3 rooms,Furnished
                        Apartment Govert Flinckstraat 316 D                            ,            1073 CJ Amsterdam (Oude Pijp)        ,"                €3,500 per month            ",170 m²,4 rooms,Upholstered
                        House Madurastraat                            ,            1094 GE Amsterdam (Indische Buurt West)        ,"                €2,595 per month            ",95 m²,3 rooms,Upholstered
                        Apartment John Blankensteinstraat                            ,            1095 MB Amsterdam (Zeeburgereiland/Nieuwe Diep)        ,"                €1,500 per month            ",50 m²,2 rooms,Furnished
                        Apartment Tweede Jacob van Campenstraat 94 HS-L                            ,            1073 XW Amsterdam (Oude Pijp)        ,"                €1,750 per month            ",42 m²,2 rooms,Furnished
                        Apartment Eerste Helmersstraat 121 1                            ,            1054 DN Amsterdam (Helmersbuurt)        ,"                €2,250 per month            ",80 m²,2 rooms,Furnished
                        Apartment Marco Polostraat                            ,            1057 WR Amsterdam (Hoofdweg e.o.)        ,"                €1,850 per month            ",55 m²,2 rooms,Furnished
                        Apartment Rustenburgerstraat 145                            ,            1073 EX Amsterdam (Nieuwe Pijp)        ,"                €2,450 per month            ",87 m²,3 rooms,Upholstered
                        Apartment Herengracht 579 3                            ,            1017 CD Amsterdam (Grachtengordel-Zuid)        ,"                €3,950 per month            ",110 m²,3 rooms,Upholstered or furnished
                        Apartment Olympiaplein                            ,            1077 CS Amsterdam (Apollobuurt)        ,"                €2,575 per month            ",110 m²,3 rooms,Upholstered
                        Apartment Da Costakade                            ,            1053 XB Amsterdam (Da Costabuurt)        ,"                €6,500 per month            ",149 m²,6 rooms,Furnished
                        Apartment Kuipersstraat 164 hs                            ,            1073 EV Amsterdam (Nieuwe Pijp)        ,"                €2,100 per month            ",60 m²,3 rooms,Furnished
                        Apartment IJburglaan                            ,            1087 CE Amsterdam (IJburg West)        ,"                €2,800 per month            ",110 m²,2 rooms,Furnished
                        Apartment Diezestraat                            ,            1078 JR Amsterdam (Scheldebuurt)        ,"                €3,750 per month            ",161 m²,5 rooms,Upholstered
                        Apartment Middenweg                            ,            1098 AH Amsterdam (Middenmeer)        ,"                €1,895 per month            ",78 m²,3 rooms,Upholstered
                        House Brouwersgracht                            ,            1013 GX Amsterdam (Grachtengordel-West)        ,"                €1,700 per month            ",50 m²,2 rooms,Furnished
                        Apartment Amstelkade 180 3                            ,            1078 BA Amsterdam (Scheldebuurt)        ,"                €1,350 per month            ",29 m²,2 rooms,Furnished
                        Apartment Koningslaan 24 II                            ,            1075 AD Amsterdam (Willemspark)        ,"                €3,950 per month            ",83 m²,3 rooms,Upholstered
                        Apartment Van Boshuizenstraat                            ,            1082 AR Amsterdam (Buitenveldert-Oost)        ,"                €2,450 per month            ",102 m²,3 rooms,Furnished
                        Apartment Eerste Nassaustraat                            ,            1052 BH Amsterdam (Staatsliedenbuurt)        ,"                €2,950 per month            ",100 m²,3 rooms,Furnished
                        Apartment Osdorper Ban                            ,            1069 GA Amsterdam (Osdorp-Midden)        ,"                €2,195 per month            ",95 m²,3 rooms,Furnished
                        House Wognumerstraat                            ,            1023 CK Amsterdam (Tuindorp Nieuwendam)        ,"                €1,650 per month            ",50 m²,3 rooms,Furnished
                        Apartment Leidsegracht                            ,            1016 CR Amsterdam (Jordaan)        ,"                €2,950 per month            ",106 m²,3 rooms,Furnished
                        Apartment Borssenburgplein                            ,            1078 WB Amsterdam (IJselbuurt)        ,"                €2,500 per month            ",85 m²,3 rooms,Furnished
                        Apartment Planciusstraat                            ,            1013 MD Amsterdam (Haarlemmerbuurt)        ,"                €3,250 per month            ",157 m²,3 rooms,Furnished
                        Apartment Singel 94 B                            ,            1015 AD Amsterdam (Grachtengordel-West)        ,"                €4,250 per month            ",135 m²,3 rooms,Furnished
                        Apartment Damstraat 1 E                            ,            1012 JL Amsterdam (Burgwallen-Oude Zijde)        ,"                €4,000 per month            ",100 m²,3 rooms,Furnished
                        Apartment Kanteel 25                            ,            1083 DA Amsterdam (Buitenveldert-Oost)        ,"                €1,950 per month            ",99 m²,3 rooms,Furnished
                        Apartment Nieuwe Keizersgracht 63 A                            ,            1018 VD Amsterdam (Weesperbuurt/Plantage)        ,"                €3,500 per month            ",140 m²,5 rooms,Furnished
                        Apartment Borssenburgplein 69                            ,            1078 WB Amsterdam (IJselbuurt)        ,"                €2,475 per month            ",88 m²,3 rooms,Upholstered or furnished
                        Apartment Boterdiepstraat 41 II+III                            ,            1079 SV Amsterdam (Rijnbuurt)        ,"                €2,300 per month            ",73 m²,3 rooms,Upholstered
                        Apartment Koningslaan 24 C                            ,            1075 AD Amsterdam (Willemspark)        ,"                €3,950 per month            ",83 m²,3 rooms,Upholstered
                        Apartment Willem Frederik Hermansstraat                            ,            1011 DG Amsterdam (Nieuwmarkt/Lastage)        ,"                €2,000 per month            ",90 m²,3 rooms,Furnished
                        Apartment Maasstraat                            ,            1078 HM Amsterdam (Scheldebuurt)        ,"                €2,250 per month            ",100 m²,3 rooms,Upholstered
                        Apartment Koninginneweg                            ,            1075 CT Amsterdam (Willemspark)        ,"                €4,000 per month            ",147 m²,4 rooms,Furnished
                        Apartment Celebesstraat                            ,            1094 GB Amsterdam (Indische Buurt West)        ,"                €2,150 per month            ",75 m²,3 rooms,Upholstered
                        Apartment Panamalaan                            ,            1019 AZ Amsterdam (Oostelijk Havengebied)        ,"                €2,000 per month            ",85 m²,3 rooms,Furnished
                        Apartment Borneostraat                            ,            1094 CJ Amsterdam (Indische Buurt West)        ,"                €2,600 per month            ",142 m²,4 rooms,Upholstered
                        Apartment Tweede Jan Steenstraat 18 hs                            ,            1073 VN Amsterdam (Oude Pijp)        ,"                €2,550 per month            ",100 m²,3 rooms,Furnished
                        Apartment Willem de Zwijgerlaan                            ,            1055 PV Amsterdam (Landlust)        ,"                €2,675 per month            ",107 m²,4 rooms,Furnished
                        Apartment Uiterwaardenstraat                            ,            1079 CM Amsterdam (Scheldebuurt)        ,"                €1,750 per month            ",50 m²,2 rooms,Furnished
                        Apartment Erik de Roodestraat                            ,            1056 AK Amsterdam (De Kolenkit)        ,"                €3,600 per month            ",100 m²,4 rooms,Furnished
                        Apartment Sarphatistraat                            ,            1018 GK Amsterdam (Weesperbuurt/Plantage)        ,"                €4,950 per month            ",142 m²,5 rooms,Furnished
                        Apartment Rozengracht                            ,            1016 SZ Amsterdam (Jordaan)        ,"                €2,500 per month            ",80 m²,2 rooms,Furnished
                        Apartment Eerste Constantijn Huygensstraat 32 C                            ,            1054 BR Amsterdam (Helmersbuurt)        ,"                €5,500 per month            ",200 m²,4 rooms,Furnished
                        Apartment Kerkstraat 132 B                            ,            1017 GP Amsterdam (Grachtengordel-Zuid)        ,"                €2,350 per month            ",70 m²,2 rooms,Upholstered
                        Apartment Singel                            ,            1016 AC Amsterdam (Grachtengordel-West)        ,"                €3,450 per month            ",105 m²,4 rooms,Furnished
                        Apartment Prins Hendrikkade                            ,            1012 TK Amsterdam (Burgwallen-Nieuwe Zijde)        ,"                €2,250 per month            ",75 m²,2 rooms,Furnished
                        Apartment Herengracht 132 C                            ,            1015 BV Amsterdam (Grachtengordel-West)        ,"                €10,500 per month            ",190 m²,4 rooms,Upholstered or furnished
                        Apartment Gravenstraat                            ,            1012 NL Amsterdam (Burgwallen-Nieuwe Zijde)        ,"                €1,850 per month            ",70 m²,2 rooms,Upholstered
                        Apartment Keizersgracht 114                            ,            1015 CV Amsterdam (Grachtengordel-West)        ,"                €3,000 per month            ",80 m²,4 rooms,Furnished
                        Apartment Johannes Verhulststraat 224 H                            ,            1075 HG Amsterdam (Willemspark)        ,"                €4,000 per month            ",140 m²,5 rooms,Upholstered
                        Apartment Beethovenstraat                            ,            1077 JP Amsterdam (Apollobuurt)        ,"                €3,800 per month            ",134 m²,3 rooms,Furnished
                        Apartment Duke Ellingtonstraat                            ,            1066 GE Amsterdam (Sloter-/Riekerpolder)        ,"                €2,150 per month            ",94 m²,1 room,Furnished
                        House Prinsengracht 516                            ,            1017 KJ Amsterdam (De Weteringschans)        ,"                €13,500 per month            ",536 m²,5 rooms,Upholstered
                        Apartment Reinaert de Vosstraat                            ,            1055 CL Amsterdam (Landlust)        ,"                €2,200 per month            ",75 m²,2 rooms,Furnished
                        Apartment Gerrit van der Veenstraat 46 I                            ,            1077 EE Amsterdam (Apollobuurt)        ,"                €3,475 per month            ",149 m²,4 rooms,Upholstered
                        Apartment Herengracht                            ,            1015 BT Amsterdam (Grachtengordel-West)        ,"                €2,150 per month            ",130 m²,3 rooms,Furnished
                        Apartment Tweede Oosterparkstraat 184 H                            ,            1092 BT Amsterdam (Oosterparkbuurt)        ,"                €2,100 per month            ",84 m²,3 rooms,Upholstered
                        Apartment Roerstraat                            ,            1078 LL Amsterdam (Scheldebuurt)        ,"                €2,300 per month            ",75 m²,3 rooms,Furnished
                        Apartment Geschutswerf                            ,            1018 AW Amsterdam (Oostelijke Eilanden/Kadijken)        ,"                €3,700 per month            ",170 m²,4 rooms,Furnished
                        Apartment IJburglaan                            ,            1087 EN Amsterdam (IJburg West)        ,"                €2,700 per month            ",96 m²,3 rooms,Furnished
                        Apartment Bellamydwarsstraat 4 4                            ,            1053 BD Amsterdam (Kinkerbuurt)        ,"                €2,000 per month            ",50 m²,2 rooms,Furnished
                        Apartment Veembroederhof 197                            ,            1019 HD Amsterdam (Oostelijk Havengebied)        ,"                €2,500 per month            ",110 m²,4 rooms,Furnished
                        Apartment Oostenburgervoorstraat 47                            ,            1018 MN Amsterdam (Oostelijke Eilanden/Kadijken)        ,"                €3,250 per month            ",140 m²,4 rooms,Furnished
                        Apartment Noorderstraat                            ,            1017 TR Amsterdam (De Weteringschans)        ,"                €2,950 per month            ",90 m²,3 rooms,Furnished
                        Apartment Orteliusstraat 221 3                            ,            1056 NR Amsterdam (Van Galenbuurt)        ,"                €1,850 per month            ",60 m²,2 rooms,Furnished
                        Apartment Rietlandpark                            ,            1019 DR Amsterdam (Oostelijk Havengebied)        ,"                €2,495 per month            ",120 m²,3 rooms,Furnished
                        House Prinsengracht                            ,            1016 JA Amsterdam (Jordaan)        ,"                €3,950 per month            ",181 m²,6 rooms,Upholstered
                        House Simon Stevinstraat 33 hs                            ,            1097 BX Amsterdam (Frankendael)        ,"                €3,250 per month            ",138 m²,5 rooms,Upholstered
                        Apartment Westlandgracht                            ,            1059 TR Amsterdam (Hoofddorppleinbuurt)        ,"                €1,995 per month            ",90 m²,3 rooms,Shell
                        Apartment Tweede Tuindwarsstraat 6 II                            ,            1015 RZ Amsterdam (Jordaan)        ,"                €2,500 per month            ",76 m²,4 rooms,Furnished
                        Apartment Jan Luijkenstraat                            ,            1071 CS Amsterdam (Museumkwartier)        ,"                €5,000 per month            ",236 m²,4 rooms,Furnished
                        Apartment Van Baerlestraat 72 D                            ,            1071 BA Amsterdam (Museumkwartier)        ,"                €3,500 per month            ",150 m²,3 rooms,Upholstered
                        Apartment Daniël Stalpertstraat                            ,            1072 XB Amsterdam (Oude Pijp)        ,"                €2,150 per month            ",80 m²,3 rooms,Furnished
                        Apartment Keizersgracht 734 C                            ,            1017 EW Amsterdam (Grachtengordel-Zuid)        ,"                €3,500 per month            ",136 m²,3 rooms,Upholstered
                        Apartment Banstraat 28 3                            ,            1071 KA Amsterdam (Museumkwartier)        ,"                €4,850 per month            ",151 m²,5 rooms,Furnished
                        Apartment Vossiusstraat 39 hs                            ,            1071 AH Amsterdam (Museumkwartier)        ,"                €7,000 per month            ",260 m²,7 rooms,Upholstered
                        Apartment Herengracht                            ,            1017 CD Amsterdam (Grachtengordel-Zuid)        ,"                €5,400 per month            ",125 m²,3 rooms,Furnished
                        House Jaagpad 31                            ,            1059 BP Amsterdam (Hoofddorppleinbuurt)        ,"                €5,000 per month            ",200 m²,6 rooms,Furnished
                        House Valeriusplein                            ,            1075 BJ Amsterdam (Willemspark)        ,"                €8,000 per month            ",366 m²,6 rooms,Upholstered
                        Apartment Da Costakade 31 hs                            ,            1052 SG Amsterdam (Da Costabuurt)        ,"                €2,500 per month            ",81 m²,3 rooms,Furnished
                        Apartment Nicolaas Witsenkade                            ,            1017 ZS Amsterdam (De Weteringschans)        ,"                €7,950 per month            ",200 m²,6 rooms,Furnished
                        Apartment Minervaplein                            ,            1077 TR Amsterdam (Apollobuurt)        ,"                €2,850 per month            ",111 m²,3 rooms,Furnished
                        Apartment Amstelveenseweg 224 3                            ,            1075 XT Amsterdam (Schinkelbuurt)        ,"                €2,950 per month            ",115 m²,3 rooms,Furnished
                        House Bongerdkade                            ,            1036 LZ Amsterdam (Tuindorp Oostzaan)        ,"                €3,100 per month            ",150 m²,5 rooms,Furnished
                        Apartment Bosboom Toussaintstraat                            ,            1054 AT Amsterdam (Helmersbuurt)        ,"                €4,250 per month            ",155 m²,5 rooms,Furnished
                        Apartment De Boelelaan                            ,            1082 RD Amsterdam (Buitenveldert-West)        ,"                €2,350 per month            ",85 m²,3 rooms,Furnished
                        Apartment Veerstraat 51 4                            ,            1075 SN Amsterdam (Schinkelbuurt)        ,"                €2,350 per month            ",70 m²,2 rooms,Furnished
                        Apartment Albatrospad 142                            ,            1021 TR Amsterdam (IJplein/Vogelbuurt)        ,"                €3,500 per month            ",130 m²,3 rooms,Furnished
                        Apartment Keizersgracht                            ,            1017 EM Amsterdam (Grachtengordel-Zuid)        ,"                €10,750 per month            ",320 m²,7 rooms,Furnished
                        House Sarphatipark 102 HS                            ,            1073 EC Amsterdam (Nieuwe Pijp)        ,"                €4,500 per month            ",160 m²,4 rooms,Furnished
                        Apartment Singel 91 E                            ,            1012 VG Amsterdam (Burgwallen-Nieuwe Zijde)        ,"                €2,850 per month            ",110 m²,2 rooms,Furnished
                        Apartment Valeriusstraat 24 hs                            ,            1071 MJ Amsterdam (Museumkwartier)        ,"                €4,750 per month            ",148 m²,5 rooms,Upholstered
                        Apartment Kerkstraat                            ,            1017 HW Amsterdam (Grachtengordel-Zuid)        ,"                €5,000 per month            ",120 m²,3 rooms,Furnished
                        Apartment Valkenburgerstraat 134 E                            ,            1011 NA Amsterdam (Nieuwmarkt/Lastage)        ,"                €3,150 per month            ",95 m²,3 rooms,Furnished
                        Apartment IJselstraat 87 H                            ,            1078 CG Amsterdam (IJselbuurt)        ,"                €1,875 per month            ",50 m²,3 rooms,Upholstered
                        Apartment Eerste Schinkelstraat 23 H                            ,            1075 TV Amsterdam (Schinkelbuurt)        ,"                €3,950 per month            ",150 m²,4 rooms,Upholstered
                        House Van Breestraat 139 hs                            ,            1071 ZL Amsterdam (Museumkwartier)        ,"                €4,950 per month            ",140 m²,5 rooms,Upholstered
                        Apartment Spuistraat 257 D                            ,            1012 VR Amsterdam (Burgwallen-Nieuwe Zijde)        ,"                €2,750 per month            ",60 m²,4 rooms,Upholstered
                        Apartment Wagenstraat                            ,            1017 CZ Amsterdam (Grachtengordel-Zuid)        ,"                €3,100 per month            ",90 m²,3 rooms,Upholstered
                        House Smalschipstraat 5                            ,            1086 VM Amsterdam (IJburg West)        ,"                €2,995 per month            ",143 m²,5 rooms,Furnished
                        Apartment De Lairessestraat 172 B                            ,            1075 HM Amsterdam (Willemspark)        ,"                €2,950 per month            ",84 m²,3 rooms,Furnished
                        Apartment Laan der Hesperiden 16 H                            ,            1076 DK Amsterdam (Stadionbuurt)        ,"                €3,500 per month            ",127 m²,3 rooms,Upholstered
                        Apartment Plantage Middenlaan                            ,            1018 DA Amsterdam (Weesperbuurt/Plantage)        ,"                €3,250 per month            ",140 m²,4 rooms,Upholstered
                        House Oosterpark 62 HS                            ,            1092 AR Amsterdam (Oosterparkbuurt)        ,"                €8,500 per month            ",221 m²,9 rooms,Furnished
                        Apartment Oosterpark 62 2en3                            ,            1092 AR Amsterdam (Oosterparkbuurt)        ,"                €5,500 per month            ",165 m²,6 rooms,Furnished
                        Apartment Oosterpark 62 I                            ,            1092 AR Amsterdam (Oosterparkbuurt)        ,"                €3,000 per month            ",85 m²,3 rooms,Furnished
                        Apartment Oosterpark 62 II                            ,            1092 AR Amsterdam (Oosterparkbuurt)        ,"                €3,000 per month            ",85 m²,3 rooms,Furnished
                        Apartment Oosterpark 62 III                            ,            1092 AR Amsterdam (Oosterparkbuurt)        ,"                €2,750 per month            ",80 m²,3 rooms,Furnished
                        Apartment Stadionweg 140 I                            ,            1077 SX Amsterdam (Apollobuurt)        ,"                €3,000 per month            ",111 m²,4 rooms,Upholstered
                        Apartment Kleiburg                            ,"            1104 EA Amsterdam (Bijlmer Oost (E,G,K))        ","                €2,095 per month            ",132 m²,4 rooms,Furnished
                        Apartment Oudeschans 18 III                            ,            1011 LA Amsterdam (Nieuwmarkt/Lastage)        ,"                €3,500 per month            ",100 m²,3 rooms,Furnished
                        Apartment Groenburgwal 14 IV                            ,            1011 HV Amsterdam (Nieuwmarkt/Lastage)        ,"                €4,400 per month            ",189 m²,3 rooms,Furnished
                        House Troelstralaan                            ,            1067 MX Amsterdam (Geuzenveld)        ,"                €2,600 per month            ",110 m²,4 rooms,Furnished
                        Apartment Leonardostraat 6 I                            ,            1077 EV Amsterdam (Apollobuurt)        ,"                €4,500 per month            ",185 m²,6 rooms,Upholstered
                        Apartment Wethouder Frankeweg                            ,            1098 KV Amsterdam (Middenmeer)        ,"                €3,250 per month            ",150 m²,5 rooms,Upholstered or furnished
                        Apartment Dam                            ,            1012 JS Amsterdam (Burgwallen-Oude Zijde)        ,"                €5,500 per month            ",125 m²,3 rooms,Upholstered or furnished
                        Apartment Linnaeusparkweg 82 I                            ,            1098 EH Amsterdam (Middenmeer)        ,"                €2,900 per month            ",123 m²,4 rooms,Upholstered
                        Apartment Koningin Wilhelminaplein                            ,            1062 KS Amsterdam (Westlandgracht)        ,"                €2,250 per month            ",90 m²,3 rooms,Furnished
                        House Fred Petterbaan                            ,            1019 JT Amsterdam (Oostelijk Havengebied)        ,"                €3,950 per month            ",175 m²,5 rooms,Furnished
                        Apartment Tweede Hugo de Grootstraat                            ,            1052 LC Amsterdam (Frederik Hendrikbuurt)        ,"                €1,875 per month            ",53 m²,2 rooms,Upholstered
                        Apartment Van Eeghenstraat 103 2                            ,            1071 EZ Amsterdam (Museumkwartier)        ,"                €5,000 per month            ",204 m²,6 rooms,Upholstered
                        Apartment Nieuwe Prinsengracht                            ,            1018 VT Amsterdam (Weesperbuurt/Plantage)        ,"                €2,300 per month            ",75 m²,2 rooms,Furnished
                        Apartment Evertsweertplantsoen 22                            ,            1069 RL Amsterdam (Osdorp-Midden)        ,"                €1,995 per month            ",60 m²,2 rooms,Upholstered or furnished
                        Apartment Prinsengracht                            ,            1016 HP Amsterdam (Grachtengordel-West)        ,"                €5,500 per month            ",177 m²,4 rooms,Upholstered
                        Apartment Oostenburgervoorstraat 47 G                            ,            1018 MN Amsterdam (Oostelijke Eilanden/Kadijken)        ,"                €3,250 per month            ",140 m²,4 rooms,Furnished
                        House Buikslotermeerdijk                            ,            1025 WH Amsterdam (Elzenhagen)        ,"                €3,100 per month            ",128 m²,7 rooms,Furnished
                        Apartment Keizersstraat                            ,            1011 GD Amsterdam (Nieuwmarkt/Lastage)        ,"                €2,500 per month            ",100 m²,3 rooms,Furnished
                        Apartment Huidekoperstraat                            ,            1017 ZM Amsterdam (De Weteringschans)        ,"                €2,100 per month            ",75 m²,2 rooms,Furnished
                        Apartment Singel                            ,            1015 AG Amsterdam (Grachtengordel-West)        ,"                €4,000 per month            ",108 m²,3 rooms,Furnished
                        Apartment Brouwersgracht 180 A                            ,            1013 HC Amsterdam (Haarlemmerbuurt)        ,"                €7,000 per month            ",200 m²,4 rooms,Furnished
                        Apartment Valkenburgerstraat                            ,            1011 MG Amsterdam (Nieuwmarkt/Lastage)        ,"                €3,950 per month            ",162 m²,4 rooms,Furnished
                        Apartment Argonautenstraat                            ,            1076 KV Amsterdam (Stadionbuurt)        ,"                €3,100 per month            ",120 m²,4 rooms,Upholstered
                        Apartment Willemsparkweg                            ,            1071 GN Amsterdam (Museumkwartier)        ,"                €5,400 per month            ",185 m²,6 rooms,Upholstered
                        Apartment Minervalaan                            ,            1077 NL Amsterdam (Apollobuurt)        ,"                €4,950 per month            ",164 m²,6 rooms,Upholstered
                        House Moestuinlaan                            ,            1036 KD Amsterdam (Tuindorp Oostzaan)        ,"                €4,500 per month            ",200 m²,10 rooms,Upholstered or furnished
                        Apartment Van Breestraat 90 II                            ,            1071 ZS Amsterdam (Museumkwartier)        ,"                €4,500 per month            ",122 m²,7 rooms,Upholstered
                        Apartment Esplanade de Meer                            ,            1098 WN Amsterdam (Middenmeer)        ,"                €2,500 per month            ",96 m²,3 rooms,Furnished
                        Apartment Raamgracht                            ,            1011 KH Amsterdam (Nieuwmarkt/Lastage)        ,"                €1,700 per month            ",90 m²,2 rooms,Furnished
                        Apartment NDSM-kade                            ,            1033 PG Amsterdam (Noordelijke IJ-oevers West)        ,"                €1,694 per month            ",89 m²,2 rooms,Upholstered
                        Apartment NDSM-kade                            ,            1033 PG Amsterdam (Noordelijke IJ-oevers West)        ,"                €1,568 per month            ",64 m²,2 rooms,Upholstered
                        Apartment NDSM-kade                            ,            1033 PG Amsterdam (Noordelijke IJ-oevers West)        ,"                €1,265 per month            ",63 m²,2 rooms,Upholstered
                        Apartment NDSM-kade                            ,            1033 PG Amsterdam (Noordelijke IJ-oevers West)        ,"                €1,487 per month            ",71 m²,2 rooms,Upholstered
                        Apartment Plantage Middenlaan                            ,            1018 DE Amsterdam (Weesperbuurt/Plantage)        ,"                €3,150 per month            ",147 m²,4 rooms,Upholstered
                        Apartment Lijnbaansgracht                            ,            1016 VX Amsterdam (Jordaan)        ,"                €7,500 per month            ",178 m²,2 rooms,Upholstered or furnished
                        House Adelaarsweg 7                            ,            1021 BM Amsterdam (IJplein/Vogelbuurt)        ,"                €3,500 per month            ",180 m²,6 rooms,Furnished
                        Apartment Ruysdaelkade 197 2                            ,            1072 AV Amsterdam (Nieuwe Pijp)        ,"                €1,865 per month            ",58 m²,3 rooms,Furnished
                        Apartment Keizersgracht 385 B                            ,            1016 EJ Amsterdam (Grachtengordel-West)        ,"                €9,750 per month            ",300 m²,5 rooms,Upholstered or furnished
                        Apartment Aalsmeerweg 37 H                            ,            1059 AB Amsterdam (Hoofddorppleinbuurt)        ,"                €3,000 per month            ",90 m²,4 rooms,Upholstered
                        Studio Wibautstraat 150                            ,            1091 GR Amsterdam (Weesperzijde)        ,"                €3,250 per month            ",40 m²,1 room,Furnished
                        Apartment Kalverstraat                            ,            1012 PH Amsterdam (Burgwallen-Nieuwe Zijde)        ,"                €2,750 per month            ",110 m²,4 rooms,Furnished
                        Apartment Bos en Lommerplantsoen                            ,            1055 AA Amsterdam (De Kolenkit)        ,"                €4,500 per month            ",50 m²,2 rooms,Furnished
                        Apartment Burgemeester Cramergracht 139                            ,            1064 AK Amsterdam (Slotermeer-Zuidwest)        ,"                €1,400 per month            ",65 m²,2 rooms,Shell
                        Apartment Albert Cuypstraat 143 3                            ,            1072 CS Amsterdam (Oude Pijp)        ,"                €2,900 per month            ",53 m²,2 rooms,Furnished
                        Studio August Allebéplein                            ,            1062 AC Amsterdam (Overtoomse Veld)        ,                €673 per month            ,30 m²,1 room,Upholstered
                        Apartment Prinsengracht                            ,            1016 GV Amsterdam (Grachtengordel-West)        ,"                €4,500 per month            ",100 m²,3 rooms,Upholstered or furnished
                        Apartment NDSM-kade                            ,            1033 PG Amsterdam (Noordelijke IJ-oevers West)        ,"                €2,654 per month            ",129 m²,4 rooms,Upholstered
                        Apartment Stromarkt                            ,            1012 SW Amsterdam (Burgwallen-Nieuwe Zijde)        ,"                €2,350 per month            ",65 m²,2 rooms,Furnished
                        Apartment Stadionweg                            ,            1077 ST Amsterdam (Apollobuurt)        ,"                €2,700 per month            ",120 m²,3 rooms,Upholstered or furnished
                        Apartment John Blankensteinstraat                            ,            1095 MB Amsterdam (Zeeburgereiland/Nieuwe Diep)        ,"                €3,400 per month            ",105 m²,5 rooms,Upholstered
                        Studio Elizabeth Cady Stantonplein                            ,"            1102 BL Amsterdam (Bijlmer Centrum (D,F,H))        ",                €655 per month            ,30 m²,1 room,Upholstered
                        Apartment Tasmanstraat 3                            ,            1013 PW Amsterdam (Houthavens)        ,"                €2,150 per month            ",100 m²,4 rooms,Furnished
                        Apartment Koningin Wilhelminaplein                            ,            1062 KS Amsterdam (Westlandgracht)        ,"                €2,250 per month            ",90 m²,3 rooms,Furnished
                        Apartment IJdok                            ,            1013 MM Amsterdam (Haarlemmerbuurt)        ,"                €2,550 per month            ",55 m²,2 rooms,Upholstered or furnished
                        Apartment Amstelveenseweg                            ,            1075 XL Amsterdam (Schinkelbuurt)        ,"                €2,450 per month            ",70 m²,3 rooms,Upholstered or furnished
                        Apartment Vrolikstraat 30 C                            ,            1091 VG Amsterdam (Oosterparkbuurt)        ,"                €1,850 per month            ",72 m²,3 rooms,Furnished
                        Apartment Daniël Stalpertstraat 98 H                            ,            1072 XL Amsterdam (Oude Pijp)        ,"                €2,000 per month            ",52 m²,3 rooms,Upholstered or furnished
                        Apartment Wilhelminastraat 28 1                            ,            1054 WJ Amsterdam (Helmersbuurt)        ,"                €2,150 per month            ",55 m²,3 rooms,Furnished
                        Apartment Prinsengracht 699 I                            ,            1017 JV Amsterdam (Grachtengordel-Zuid)        ,"                €2,100 per month            ",80 m²,2 rooms,Upholstered or furnished
                        Apartment Borssenburgplein 51                            ,            1078 TX Amsterdam (IJselbuurt)        ,"                €1,750 per month            ",50 m²,2 rooms,Upholstered or furnished
                        Apartment Keizersgracht 808 K                            ,            1017 ED Amsterdam (Grachtengordel-Zuid)        ,"                €2,350 per month            ",92 m²,2 rooms,Furnished
                        Apartment Lauriergracht                            ,            1016 RN Amsterdam (Jordaan)        ,"                €2,150 per month            ",65 m²,2 rooms,Furnished
                        Apartment Bloemstraat 164 C                            ,            1016 LK Amsterdam (Jordaan)        ,"                €2,250 per month            ",70 m²,3 rooms,Furnished
                        Apartment Elpermeer 198                            ,            1025 AN Amsterdam (Buikslotermeer)        ,                €900 per month            ,28 m²,1 room,Furnished
                        Apartment Van Oldenbarneveldtstraat                            ,            1052 KJ Amsterdam (Frederik Hendrikbuurt)        ,"                €2,250 per month            ",100 m²,3 rooms,Furnished
                        Apartment Lauriergracht                            ,            1016 RG Amsterdam (Jordaan)        ,"                €1,750 per month            ",60 m²,2 rooms,Upholstered or furnished
                        Apartment Nieuwe Herengracht 81 C                            ,            1011 RT Amsterdam (Nieuwmarkt/Lastage)        ,"                €2,200 per month            ",72 m²,3 rooms,Furnished
                        Apartment Van Nijenrodeweg                            ,            1082 HL Amsterdam (Buitenveldert-West)        ,"                €2,250 per month            ",80 m²,4 rooms,Furnished
                        Apartment Eerste Jan Steenstraat                            ,            1072 NJ Amsterdam (Oude Pijp)        ,"                €1,950 per month            ",50 m²,2 rooms,Furnished
                        Apartment Nassaukade 117 2                            ,            1052 EB Amsterdam (Frederik Hendrikbuurt)        ,"                €2,100 per month            ",85 m²,3 rooms,Upholstered
                        Apartment Van Ostadestraat                            ,            1072 SX Amsterdam (Nieuwe Pijp)        ,"                €2,150 per month            ",55 m²,3 rooms,Upholstered
                        Apartment Frieslandstraat                            ,            1082 TL Amsterdam (Buitenveldert-West)        ,"                €1,850 per month            ",75 m²,3 rooms,Furnished
                        Apartment Herengracht                            ,            1015 BT Amsterdam (Grachtengordel-West)        ,"                €2,750 per month            ",93 m²,4 rooms,Furnished
                        Apartment Kalkmarkt                            ,            1011 BD Amsterdam (Nieuwmarkt/Lastage)        ,"                €1,450 per month            ",40 m²,2 rooms,Furnished
                        Apartment Weteringschans                            ,            1017 RZ Amsterdam (De Weteringschans)        ,"                €2,800 per month            ",83 m²,4 rooms,Upholstered or furnished
                        Apartment Plantage Muidergracht                            ,            1018 TN Amsterdam (Weesperbuurt/Plantage)        ,"                €1,850 per month            ",55 m²,2 rooms,Upholstered
                        Apartment Galjootstraat                            ,            1086 VE Amsterdam (IJburg West)        ,"                €1,750 per month            ",85 m²,3 rooms,Furnished
                        Apartment De Clercqstraat 66                            ,            1052 NJ Amsterdam (Da Costabuurt)        ,"                €2,100 per month            ",68 m²,3 rooms,Upholstered
                        Apartment Reyer Anslostraat 2 2                            ,            1054 KV Amsterdam (Overtoomse Sluis)        ,"                €1,950 per month            ",80 m²,3 rooms,Upholstered
                        Apartment Willemsparkweg 92 III                            ,            1071 HM Amsterdam (Museumkwartier)        ,"                €2,100 per month            ",69 m²,3 rooms,Upholstered
                        Apartment Molukkenstraat                            ,            1095 BJ Amsterdam (Indische Buurt Oost)        ,"                €1,750 per month            ",62 m²,3 rooms,Furnished
                        Apartment Kazernestraat 26 C                            ,            1018 CD Amsterdam (Weesperbuurt/Plantage)        ,"                €2,250 per month            ",70 m²,3 rooms,Upholstered
                        Apartment Frederiksplein 24 C                            ,            1017 XM Amsterdam (De Weteringschans)        ,"                €2,450 per month            ",70 m²,2 rooms,Furnished
                        Apartment Mary Zeldenruststraat 9 H                            ,            1091 DL Amsterdam (Oosterparkbuurt)        ,"                €1,800 per month            ",60 m²,3 rooms,Upholstered
                        Apartment Karthuizersplantsoen 9                            ,            1015 LS Amsterdam (Jordaan)        ,"                €3,450 per month            ",161 m²,3 rooms,Furnished
                        Apartment Rapenburgerstraat 73 E4                            ,            1011 VK Amsterdam (Nieuwmarkt/Lastage)        ,"                €2,200 per month            ",75 m²,1 room,Upholstered
                        Apartment Barbusselaan 332                            ,"            1102 VB Amsterdam (Bijlmer Centrum (D,F,H))        ","                €1,550 per month            ",45 m²,2 rooms,Furnished
                        Apartment Lutmastraat                            ,            1073 GP Amsterdam (Zuid Pijp)        ,"                €2,250 per month            ",69 m²,3 rooms,Upholstered
                        Apartment Geldersekade                            ,            1011 EH Amsterdam (Burgwallen-Oude Zijde)        ,"                €2,500 per month            ",70 m²,3 rooms,Upholstered or furnished
                        Apartment Alexander Boersstraat 31 I                            ,            1071 KV Amsterdam (Museumkwartier)        ,"                €2,500 per month            ",61 m²,2 rooms,Upholstered or furnished
                        Apartment Keizersgracht 441                            ,            1017 DJ Amsterdam (Grachtengordel-Zuid)        ,"                €7,500 per month            ",277 m²,7 rooms,Furnished
                        Apartment Leliegracht                            ,            1016 GN Amsterdam (Grachtengordel-West)        ,"                €1,850 per month            ",51 m²,1 room,Furnished
                        Apartment Valkenburgerstraat 132 D                            ,            1011 NA Amsterdam (Nieuwmarkt/Lastage)        ,"                €2,650 per month            ",95 m²,3 rooms,Furnished
                        Apartment Vrolikstraat                            ,            1091 VB Amsterdam (Oosterparkbuurt)        ,"                €1,775 per month            ",52 m²,2 rooms,Furnished
                        Apartment Muntplein                            ,            1012 WR Amsterdam (Burgwallen-Nieuwe Zijde)        ,"                €1,800 per month            ",65 m²,2 rooms,Upholstered
                        Apartment Sint Willibrordusstraat 105 C                            ,            1073 VB Amsterdam (Nieuwe Pijp)        ,"                €2,250 per month            ",53 m²,3 rooms,Furnished
                        Apartment Prinsengracht 652 B                            ,            1017 KV Amsterdam (De Weteringschans)        ,"                €3,750 per month            ",120 m²,3 rooms,Furnished
                        Apartment Jan de Louterstraat                            ,            1063 KX Amsterdam (Slotermeer-Zuidwest)        ,"                €2,000 per month            ",116 m²,3 rooms,Upholstered or furnished
                        Apartment Leerdamhof                            ,            1108 BM Amsterdam (Nellestein)        ,"                €1,650 per month            ",69 m²,3 rooms,Furnished
                        Apartment Frederik Hendrikplantsoen 3 hs                            ,            1052 XN Amsterdam (Frederik Hendrikbuurt)        ,"                €2,400 per month            ",63 m²,3 rooms,Upholstered or furnished
                        Apartment Plantage Muidergracht 73 H                            ,            1018 TN Amsterdam (Weesperbuurt/Plantage)        ,"                €1,850 per month            ",56 m²,2 rooms,Upholstered
                        Apartment Nieuwpoortstraat 94 C6                            ,            1055 RZ Amsterdam (Landlust)        ,"                €1,700 per month            ",48 m²,2 rooms,Upholstered
                        Apartment Leidsekade                            ,            1016 CZ Amsterdam (Jordaan)        ,"                €2,495 per month            ",105 m²,3 rooms,Furnished
                        Apartment Olympiaplein 19 BV                            ,            1077 CK Amsterdam (Apollobuurt)        ,"                €4,500 per month            ",200 m²,6 rooms,Upholstered
                        Apartment Vierwindendwarsstraat 15 II                            ,            1013 LB Amsterdam (Haarlemmerbuurt)        ,"                €2,500 per month            ",85 m²,3 rooms,Upholstered
                        Apartment Bloemgracht                            ,            1015 TT Amsterdam (Jordaan)        ,"                €6,000 per month            ",195 m²,6 rooms,Upholstered
                        House Veenbesstraat 2                            ,            1036 LP Amsterdam (Tuindorp Oostzaan)        ,"                €2,500 per month            ",130 m²,5 rooms,Upholstered
                        Apartment Anne Frankstraat 79 IV                            ,            1018 DM Amsterdam (Weesperbuurt/Plantage)        ,"                €2,500 per month            ",86 m²,3 rooms,Furnished
                        Apartment Bella Vistastraat 318                            ,            1096 GM Amsterdam (Omval/Overamstel)        ,"                €4,250 per month            ",150 m²,5 rooms,Furnished
                        Apartment Rozenstraat                            ,            1016 NT Amsterdam (Jordaan)        ,"                €3,500 per month            ",80 m²,4 rooms,Furnished
                        House G.J. Scheurleerweg 70                            ,            1022 KL Amsterdam (Elzenhagen)        ,"                €2,750 per month            ",118 m²,5 rooms,Furnished
                        Apartment Plantage Kerklaan                            ,            1018 SX Amsterdam (Weesperbuurt/Plantage)        ,"                €2,750 per month            ",90 m²,3 rooms,Furnished
                        Apartment Peelstraat 44                            ,            1079 RN Amsterdam (Scheldebuurt)        ,"                €1,760 per month            ",92 m²,3 rooms,Upholstered
                        Apartment Leliegracht 12 1                            ,            1015 DE Amsterdam (Grachtengordel-West)        ,"                €2,250 per month            ",95 m²,2 rooms,Furnished
                        Apartment Leliegracht 12 II                            ,            1015 DE Amsterdam (Grachtengordel-West)        ,"                €3,400 per month            ",160 m²,3 rooms,Furnished
